firstName,lastName,email,password
,,,
Anh,Nguyen,motconvit_1_@vcnc.app,Team1234!
Phuong,Nguyen,motconvit_2_@vcnc.app,Team1234!
Binh,Nguyen,motconvit_3_@vcnc.app,Team1234!
Chanh,Nguyen,motconvit_4_@vcnc.app,Team1234!
Duong,Nguyen,motconvit_5_@vcnc.app,Team1234!
Danh,Nguyen,motconvit_6_@vcnc.app,Team1234!
Minh,Nguyen,motconvit_7_@vcnc.app,Team1234!
Mai,Nguyen,motconvit_8_@vcnc.app,Team1234!
Ngoc,Nguyen,motconvit_9_@vcnc.app,Team1234!
Ha,Nguyen,motconvit_10_@vcnc.app,Team1234!
Anh,Le,motconvit_11_@vcnc.app,Team1234!
Phuong,Le,motconvit_12_@vcnc.app,Team1234!
Binh,Le,motconvit_13_@vcnc.app,Team1234!
Dat,Le,motconvit_14_@vcnc.app,Team1234!
Duong,Le,motconvit_15_@vcnc.app,Team1234!
Danh,Le,motconvit_16_@vcnc.app,Team1234!
Minh,Le,motconvit_17_@vcnc.app,Team1234!
Mai,Le,motconvit_18_@vcnc.app,Team1234!
Ngoc,Le,motconvit_19_@vcnc.app,Team1234!
Ha,Le,motconvit_20_@vcnc.app,Team1234!
Anh,Ngo,motconvit_21_@vcnc.app,Team1234!
Phuong,Ngo,motconvit_22_@vcnc.app,Team1234!
Binh,Ngo,motconvit_23_@vcnc.app,Team1234!
Tram,Ngo,motconvit_24_@vcnc.app,Team1234!
Duong,Ngo,motconvit_25_@vcnc.app,Team1234!
Danh,Pham,motconvit_26_@vcnc.app,Team1234!
Minh,Pham,motconvit_27_@vcnc.app,Team1234!
Mai,Pham,motconvit_28_@vcnc.app,Team1234!
Ngoc,Pham,motconvit_29_@vcnc.app,Team1234!
Ha,Pham,motconvit_30_@vcnc.app,Team1234!
Anh,Luu,motconvit_31_@vcnc.app,Team1234!
Phuong,Luu,motconvit_32_@vcnc.app,Team1234!
Binh,Vu ,motconvit_33_@vcnc.app,Team1234!
Chanh,Vu ,motconvit_34_@vcnc.app,Team1234!
Duong,Doan,motconvit_35_@vcnc.app,Team1234!
Tien,Doan,motconvit_36_@vcnc.app,Team1234!
Minh,Phan,motconvit_37_@vcnc.app,Team1234!
Mai,Phan,motconvit_38_@vcnc.app,Team1234!
Ngoc,Phan,motconvit_39_@vcnc.app,Team1234!
Ha,Phan,motconvit_40_@vcnc.app,Team1234!
,,,
Thien,Ngo,mib_00@vcnc.app,Team1234!
Chuong,Le,mib_01@vcnc.app,Team1234!
Hai,Pham,mib_02@vcnc.app,Team1234!
Nam,Tran,mib_03@vcnc.app,Team1234!
Dong,Ly,mib_04@vcnc.app,Team1234!
Mai,Truong,mib_05@vcnc.app,Team1234!
Huong,Vu,mib_06@vcnc.app,Team1234!
Quynh,Vo,mib_07@vcnc.app,Team1234!
Thao,Dang,mib_08@vcnc.app,Team1234!
Trung,Ho,mib_09@vcnc.app,Team1234!
Nghia,Ngo,mib_10@vcnc.app,Team1234!
Dung,Bui,mib_11@vcnc.app,Team1234!
Dao,Do,mib_12@vcnc.app,Team1234!
Thanh,Duong,mib_13@vcnc.app,Team1234!
Uyen,Ly,mib_14@vcnc.app,Team1234!
Nhi,Nguyen,mib_15@vcnc.app,Team1234!
Thanh,Nguyen,mib_16@vcnc.app,Team1234!
Phat,Vo,mib_17@vcnc.app,Team1234!
Binh,Truong,mib_18@vcnc.app,Team1234!
Hong,Tran,mib_19@vcnc.app,Team1234!
Tri,Dang,mib_20@vcnc.app,Team1234!
Van,Pham,mib_21@vcnc.app,Team1234!
Nguyet,Tran,mib_22@vcnc.app,Team1234!
Toan,Nguyen,mib_23@vcnc.app,Team1234!
Dai,Duong,mib_24@vcnc.app,Team1234!
Quang,Bui,mib_25@vcnc.app,Team1234!
Vy,Ho,mib_26@vcnc.app,Team1234!
Vu,Vo,mib_27@vcnc.app,Team1234!
Vi,Truong,mib_28@vcnc.app,Team1234!
Chinh,Nguyen,mib_29@vcnc.app,Team1234!